Actual Price ($100k),Predicted Price ($100k)
0.48,0.56
0.46,1.75
5.0,3.49
2.19,2.85
2.78,2.76
1.59,1.91
1.98,2.67
1.58,2.02
3.4,2.89
4.47,3.97
1.23,0.88
2.54,1.94
2.15,1.77
2.2,2.22
2.2,2.5
1.36,1.75
1.78,2.37
1.88,1.75
1.4,2.33
1.38,0.91
4.25,3.64
4.06,3.08
1.39,1.81
5.0,3.57
1.62,2.29
0.51,0.42
1.51,2.02
0.95,1.32
2.04,1.75
3.62,3.61
0.85,1.39
1.38,0.63
1.38,2.37
4.65,3.6
2.72,2.36
2.39,2.61
3.41,2.91
1.5,1.5
1.28,0.85
1.56,1.57
2.58,3.15
0.9,1.33
0.71,0.98
2.2,2.29
1.51,1.64
2.9,1.9
1.42,1.97
2.92,1.85
2.55,2.39
0.98,1.12
2.52,2.23
1.62,1.86
1.29,1.73
0.89,0.51
1.5,1.62
1.34,1.91
0.8,0.58
2.11,2.36
2.56,2.62
2.14,2.05
5.0,2.9
2.02,1.91
0.82,1.02
0.99,1.08
2.82,3.12
1.85,2.26
2.55,1.48
1.43,1.84
1.62,2.25
1.43,1.54
0.86,1.17
1.87,2.68
0.71,1.23
1.74,1.81
2.25,2.19
1.46,1.85
4.05,3.55
1.9,2.11
1.64,2.39
3.38,1.99
0.72,0.96
1.44,1.58
1.6,1.66
1.18,1.51
3.74,3.65
2.03,2.49
0.97,1.24
0.66,0.72
1.67,1.53
1.8,2.1
0.97,1.63
2.66,2.54
0.91,1.21
0.5,0.35
0.91,1.05
1.16,1.03
2.79,3.23
2.5,2.33
0.85,1.85
1.77,2.01
1.0,1.64
3.58,3.91
4.75,2.92
2.74,3.15
1.82,2.31
1.58,1.56
1.94,1.81
3.34,3.08
2.65,2.46
0.58,0.94
1.73,1.97
2.15,2.61
2.0,4.15
4.23,3.4
0.94,1.28
1.22,2.04
1.68,1.93
3.04,2.45
2.69,2.52
2.64,2.14
1.91,1.46
1.54,2.23
2.76,3.19
2.09,1.69
1.42,1.5
0.64,0.83
0.96,0.98
2.32,2.09
2.22,2.17
0.9,1.39
2.26,2.65
5.0,5.09
2.7,3.04
0.6,0.73
1.93,1.87
1.34,1.39
1.62,2.61
3.58,2.93
2.76,2.09
4.11,2.87
3.75,1.56
1.35,1.48
1.67,1.56
2.52,1.95
3.08,3.79
1.72,1.63
5.0,3.57
1.94,1.39
1.05,0.7
0.91,1.01
1.69,1.6
1.62,1.34
1.61,1.98
1.38,1.31
2.89,2.89
2.79,2.8
1.62,2.34
2.31,2.6
0.88,0.94
0.96,1.09
2.41,2.22
2.14,2.05
4.29,3.85
1.25,1.79
0.76,0.96
2.64,3.67
1.2,2.1
1.09,0.98
1.71,1.79
2.57,3.14
3.2,2.96
2.9,2.68
3.07,2.72
3.26,3.09
0.58,0.68
0.48,-0.05
2.17,0.98
0.98,1.47
1.59,1.37
0.69,0.84
3.22,2.96
4.68,3.42
1.63,2.01
2.87,2.75
0.55,0.46
0.9,0.92
1.56,1.46
1.75,2.22
4.11,4.03
3.32,2.2
1.41,1.83
2.47,2.95
1.53,1.32
1.55,2.07
3.91,1.25
0.9,1.06
1.97,2.21
0.68,0.74
5.0,5.02
0.92,1.38
2.98,2.94
5.0,4.03
3.32,2.7
1.71,2.35
1.52,2.37
2.32,1.77
1.27,0.89
0.88,0.69
2.03,2.32
2.29,1.89
1.17,1.34
4.17,4.61
2.28,2.99
2.68,3.02
0.97,1.67
1.38,1.45
1.99,1.88
0.69,0.58
3.52,2.67
1.04,1.4
1.08,1.2
1.32,1.34
2.71,3.12
0.97,1.7
0.95,1.49
0.68,1.15
3.26,2.78
0.66,0.9
2.26,2.31
2.64,2.68
3.48,3.02
3.25,2.34
1.09,1.27
4.0,3.29
1.38,0.87
0.61,0.9
4.53,4.05
5.0,4.87
1.2,1.9
3.29,2.93
1.96,2.46
1.5,1.41
1.52,1.72
1.7,1.65
1.38,1.58
2.83,2.54
4.04,3.14
1.94,2.54
2.05,2.88
1.46,1.47
2.25,0.92
2.16,2.24
1.58,1.71
1.25,1.73
0.65,0.6
2.8,2.75
1.8,1.53
1.05,1.35
1.0,0.81
1.66,1.5
1.58,3.6
2.44,2.64
3.63,4.01
2.02,2.56
0.53,0.97
5.0,3.19
1.12,1.45
2.25,2.28
4.4,3.56
0.88,1.52
5.0,6.23
2.77,2.17
1.79,1.77
2.0,2.02
1.32,1.12
0.61,1.61
1.72,2.35
1.24,1.24
1.35,0.95
1.37,1.95
1.29,1.82
2.28,2.55
0.94,1.24
1.03,1.8
3.21,2.44
1.25,4.29
3.32,3.16
1.59,1.91
2.37,3.21
4.62,4.27
1.57,1.52
1.48,1.61
1.66,1.86
1.97,1.69
1.68,2.0
1.27,0.91
5.0,2.82
0.58,0.32
2.38,2.72
1.42,2.25
0.87,0.57
0.56,0.58
5.0,4.18
1.12,1.48
0.64,1.22
4.31,4.31
2.66,2.18
0.58,0.93
1.94,2.94
1.43,1.74
1.79,1.53
1.88,1.39
2.25,2.55
3.13,2.86
5.0,6.37
1.54,1.79
0.62,0.92
1.94,2.0
1.64,1.93
3.99,3.15
2.04,2.92
1.99,3.13
1.77,1.78
5.0,4.42
2.49,2.52
1.5,1.5
2.32,1.87
0.58,0.95
1.26,1.26
1.63,1.58
1.13,1.23
3.0,2.74
3.11,3.16
2.19,2.22
0.7,1.05
2.38,2.82
1.19,1.22
0.73,0.22
0.75,0.93
4.51,3.94
2.4,2.52
0.66,0.4
0.65,0.79
1.75,2.69
2.24,2.25
0.96,1.21
4.05,3.43
3.77,3.22
5.0,5.73
3.5,2.31
1.62,1.2
1.77,2.2
0.98,1.0
1.39,0.97
1.75,2.26
2.61,2.32
1.05,0.74
1.6,2.37
2.96,3.05
1.38,2.56
5.0,4.38
2.27,2.49
2.64,2.03
1.6,1.62
1.42,1.9
1.62,2.05
2.3,2.18
5.0,4.2
2.18,2.7
1.83,2.46
2.46,2.1
1.29,1.11
0.6,0.56
0.68,0.72
2.95,2.88
1.93,2.6
1.51,1.9
1.26,1.79
0.63,0.76
1.51,1.59
2.46,3.22
5.0,4.56
1.66,2.5
1.14,1.18
3.22,2.47
3.62,2.71
0.7,0.78
1.56,1.82
0.88,1.61
1.93,2.16
2.18,2.28
1.02,1.29
1.29,1.14
1.56,0.89
1.83,2.24
1.48,1.76
5.0,5.9
2.22,3.12
1.68,2.3
1.84,1.88
3.7,2.95
2.39,2.5
1.67,1.91
2.33,1.49
2.4,2.27
0.91,0.62
4.84,4.22
1.5,2.13
1.0,1.09
2.4,1.85
0.96,1.76
5.0,4.86
2.52,2.31
1.21,0.84
1.36,1.29
2.25,2.91
5.0,2.59
0.85,1.02
5.0,2.96
1.65,1.78
1.12,1.24
1.61,1.43
2.14,2.14
1.16,1.28
3.5,4.51
1.6,2.64
4.38,2.17
1.71,2.26
2.71,2.52
5.0,1.85
0.68,0.99
1.92,1.99
2.56,2.82
1.12,1.37
1.82,1.87
3.48,3.01
3.32,3.08
1.11,1.16
2.12,2.26
2.62,2.55
2.38,2.36
0.9,1.5
4.27,3.05
3.7,3.11
1.16,1.2
1.71,1.65
2.86,3.33
1.12,1.59
0.83,1.44
2.48,2.52
3.96,3.1
2.18,2.06
5.0,4.13
0.89,1.02
1.81,1.9
2.81,3.68
3.45,2.11
1.81,2.31
1.92,2.6
0.78,0.65
0.75,0.46
4.33,3.77
1.6,1.65
1.09,1.18
0.96,1.44
1.91,1.41
3.6,5.2
1.86,2.34
1.19,0.78
1.23,1.06
2.06,2.01
1.96,1.64
0.76,1.52
1.04,1.25
3.86,2.6
1.14,1.73
0.79,1.29
0.81,1.2
1.29,2.09
0.74,0.74
1.76,2.12
1.42,1.86
2.34,2.11
2.87,2.65
0.92,1.21
1.7,1.98
1.62,2.24
2.25,2.74
1.71,1.52
3.19,2.45
0.96,1.42
0.73,0.62
0.94,0.67
0.52,0.61
3.59,2.86
0.65,0.81
3.44,2.92
3.14,3.16
1.86,2.09
2.79,2.44
1.19,2.35
2.8,3.1
1.87,2.05
0.84,0.94
3.09,2.23
2.29,2.86
2.45,2.17
2.28,3.36
5.0,3.22
3.21,2.52
1.47,1.33
1.62,2.37
2.66,3.04
5.0,4.19
1.89,2.36
3.16,3.36
1.82,1.61
2.62,2.37
0.69,0.34
1.81,1.88
2.93,2.98
1.11,1.55
2.18,2.96
1.47,1.44
2.44,1.05
2.23,2.04
1.38,1.26
0.61,0.51
2.75,1.19
3.5,2.44
1.71,1.41
0.84,1.91
2.25,2.65
1.66,1.95
1.52,1.95
1.92,1.86
2.54,2.95
1.5,1.1
2.12,2.45
0.8,0.7
2.06,2.83
3.31,3.54
2.01,3.01
1.88,2.03
1.95,2.47
4.42,4.14
1.53,3.16
5.0,5.15
2.4,2.91
1.59,1.14
0.92,1.04
2.41,2.89
1.36,1.39
1.04,1.36
1.32,1.53
2.93,2.59
0.63,1.27
1.12,1.83
0.89,1.41
1.21,1.05
4.71,3.16
3.15,2.97
2.26,2.58
4.1,2.77
1.49,0.98
1.72,2.29
2.36,2.88
3.23,2.71
2.44,3.06
1.62,1.09
3.41,3.18
0.57,0.5
1.99,2.16
1.1,2.12
1.38,0.92
0.86,1.28
0.98,0.85
1.78,1.88
1.38,0.62
2.75,3.03
3.82,3.03
5.0,4.37
5.0,4.82
1.79,1.41
2.04,2.49
3.94,3.32
1.84,1.96
1.74,1.83
0.81,1.12
1.9,2.21
0.6,0.97
1.27,1.32
2.62,2.26
1.39,1.86
0.51,0.35
2.29,3.0
1.01,1.69
0.98,1.13
1.58,1.06
3.49,3.4
0.86,1.38
2.14,2.9
2.27,2.68
1.56,1.4
0.67,0.83
2.07,2.48
2.23,1.74
3.54,2.69
3.4,2.63
0.53,0.77
1.41,2.23
1.51,1.66
0.56,1.06
2.6,2.71
3.19,2.96
1.48,2.69
2.9,2.31
1.62,2.61
2.55,1.87
0.88,1.59
2.45,2.81
3.05,2.32
2.15,2.36
2.49,2.58
5.0,6.33
3.2,2.09
1.74,2.37
2.92,2.87
5.0,4.56
2.9,3.3
4.38,3.35
1.82,2.49
1.7,0.71
0.69,1.06
0.96,1.33
2.73,3.24
0.81,1.99
2.72,2.75
1.53,1.95
0.56,0.97
2.13,2.26
3.31,1.51
2.02,2.27
0.57,0.96
3.32,2.92
3.66,2.23
1.27,1.03
1.12,1.16
3.54,2.65
2.29,2.55
0.88,0.71
2.38,1.98
1.13,0.87
1.12,1.06
1.38,1.17
3.07,2.41
1.01,1.55
0.98,0.9
1.77,1.98
2.18,2.4
2.91,2.23
1.58,2.15
3.48,3.44
0.67,1.03
2.6,2.02
1.24,1.09
0.68,0.72
1.31,1.35
0.66,0.78
1.67,2.33
2.26,2.06
2.57,2.1
5.0,4.21
1.14,1.67
0.91,1.4
2.17,1.55
0.96,0.86
1.29,1.26
3.5,3.34
4.42,4.31
2.23,1.45
0.81,0.87
1.61,1.27
5.0,3.37
3.41,3.33
2.88,3.31
3.45,3.65
1.8,2.24
1.68,2.5
0.55,1.09
0.51,0.78
1.43,2.21
2.36,2.12
1.13,1.75
2.1,2.66
2.11,1.34
0.65,0.44
1.62,2.25
1.5,1.59
5.0,3.08
1.01,1.8
2.22,2.44
2.6,2.27
1.79,1.65
1.7,1.39
3.19,3.34
1.91,2.71
1.84,1.61
1.91,2.04
1.5,2.85
5.0,3.3
1.83,2.07
4.44,3.58
2.43,2.55
0.76,0.92
1.33,2.09
4.1,2.27
1.12,0.72
3.77,3.23
0.5,1.13
5.0,3.46
2.1,2.15
0.78,0.71
3.0,3.23
3.75,2.17
1.56,1.11
2.4,2.76
0.77,0.9
0.98,1.15
5.0,2.83
1.1,1.88
0.86,1.72
2.3,2.22
1.64,1.95
5.0,4.28
0.5,0.46
1.07,1.65
3.62,2.32
1.45,1.37
2.18,2.55
1.3,1.47
1.46,1.77
1.52,1.06
4.57,3.84
1.65,2.02
3.95,2.24
1.44,1.73
1.37,1.14
2.16,2.34
1.39,1.33
1.04,1.14
4.88,3.59
2.27,2.28
2.38,2.06
2.16,3.04
2.92,3.45
1.46,2.13
1.87,0.96
1.85,1.25
2.8,1.81
1.41,1.47
1.91,2.08
2.62,1.44
4.42,3.52
2.75,3.29
0.86,0.83
2.32,2.75
3.02,3.16
2.36,3.06
0.72,1.11
1.82,1.99
5.0,4.11
0.79,0.46
1.81,1.72
1.98,2.09
2.0,2.17
0.63,1.03
0.94,1.26
1.87,2.36
1.17,2.0
1.18,1.53
1.21,1.43
2.31,2.52
4.27,3.32
1.28,1.48
3.85,2.33
2.9,2.74
0.91,0.98
0.62,0.85
2.32,2.55
1.3,1.34
1.27,1.07
1.5,1.68
1.88,1.39
4.38,4.34
1.26,1.99
4.53,4.13
2.29,2.39
3.65,3.08
1.92,1.84
0.88,0.16
0.3,1.71
3.36,2.76
2.42,1.85
1.74,2.33
0.54,0.4
2.08,2.6
1.12,0.4
1.67,1.88
2.72,2.83
1.41,2.11
3.75,1.02
1.62,1.32
1.59,2.39
0.86,1.11
2.56,3.04
2.13,1.9
2.54,2.27
1.33,1.71
1.69,1.12
3.48,3.11
1.6,1.79
0.91,1.8
2.9,2.62
1.9,2.06
4.96,4.35
3.33,3.61
1.84,1.89
1.89,1.58
1.58,1.1
0.67,0.89
1.32,1.94
1.56,1.81
3.48,2.41
2.26,3.19
0.74,0.53
1.58,1.74
5.0,4.98
1.66,1.89
3.3,2.36
1.4,2.13
1.53,1.81
3.67,2.92
0.7,0.84
0.97,1.76
0.66,0.86
0.49,0.54
1.54,1.66
2.73,2.13
2.47,2.96
2.69,1.56
2.48,1.97
4.17,3.56
1.22,1.15
1.72,2.17
1.74,2.34
2.36,2.7
2.6,2.41
2.0,2.01
2.97,2.7
3.75,1.98
1.78,2.77
2.7,2.51
0.62,1.09
1.98,2.04
0.53,0.81
1.91,2.27
3.18,3.11
3.29,2.22
3.31,3.56
1.87,2.48
2.86,2.06
5.0,1.5
1.34,1.93
2.0,2.66
0.45,0.28
3.55,3.5
2.64,2.98
2.78,1.89
1.6,1.8
2.41,2.75
2.08,1.5
2.64,2.88
1.45,2.05
1.32,2.03
1.84,1.89
0.81,1.2
1.76,1.83
2.56,2.19
1.66,2.32
1.02,1.48
0.86,1.15
1.01,0.93
5.0,2.96
2.1,3.33
0.52,0.56
2.63,2.13
1.59,1.96
2.1,1.48
3.5,1.82
2.17,2.66
1.41,1.31
0.93,0.94
1.98,1.82
1.87,1.23
1.85,1.56
5.0,3.26
2.81,3.17
1.04,1.49
2.88,2.97
2.08,1.87
1.75,2.86
1.33,1.78
1.72,1.29
5.0,4.27
0.64,0.27
2.28,2.32
0.63,0.81
0.84,1.32
3.39,2.65
1.56,1.17
3.84,3.0
1.37,1.66
0.57,1.0
0.7,1.13
0.96,0.81
0.93,1.54
3.59,3.24
1.59,2.23
5.0,3.64
1.15,2.16
4.1,3.3
2.82,1.67
1.02,1.23
1.69,2.28
2.08,2.26
3.27,2.64
2.78,2.7
1.11,1.26
0.81,1.27
2.08,2.73
2.75,2.41
4.21,3.33
1.29,1.29
3.14,2.77
0.68,1.34
0.64,0.66
1.54,1.77
1.31,1.24
2.38,2.24
3.8,3.69
1.46,1.84
1.5,2.47
0.8,1.71
2.93,1.06
2.88,2.66
1.44,2.02
1.27,1.33
1.52,2.13
1.57,1.15
1.05,0.95
5.0,5.49
1.34,1.99
5.0,5.17
2.73,3.05
1.52,1.11
3.63,2.39
1.69,2.15
1.4,1.96
0.44,0.58
1.36,2.24
2.64,2.74
1.52,2.24
1.38,2.07
2.15,1.3
1.71,2.39
2.36,2.26
2.98,2.5
0.88,1.18
1.28,1.41
0.8,0.86
3.06,2.84
4.36,2.18
2.39,2.36
2.32,2.98
1.23,1.21
2.18,2.63
3.97,5.01
2.6,1.46
4.36,3.28
1.64,2.43
4.4,3.23
0.85,1.11
1.02,1.07
1.59,2.0
1.9,2.6
1.0,1.17
1.4,1.4
5.0,4.9
1.54,2.81
1.7,1.97
1.11,0.93
1.91,2.88
2.87,3.23
1.5,1.68
2.38,2.28
1.54,0.63
2.8,2.35
1.62,2.46
2.66,2.58
1.23,2.23
2.31,2.66
3.19,2.66
2.31,2.31
5.0,4.1
1.21,1.11
2.22,2.41
4.5,2.76
1.02,1.15
2.01,2.24
1.04,1.12
5.0,4.95
1.32,1.73
2.21,2.56
1.52,1.93
1.47,1.59
1.51,2.04
1.65,1.95
2.14,2.85
2.13,2.29
5.0,3.69
4.38,3.42
1.84,2.34
3.5,3.02
1.59,0.97
1.29,1.47
0.77,0.93
2.25,2.11
2.31,1.78
4.32,3.74
1.91,3.29
0.85,0.76
1.52,1.08
0.68,0.39
1.98,2.16
3.06,2.05
1.22,1.84
2.76,1.85
1.03,0.82
4.09,3.04
1.35,1.64
1.22,1.22
1.83,1.66
2.28,1.91
1.1,0.94
1.11,0.99
0.85,1.04
4.47,3.97
0.88,0.84
0.87,0.92
1.88,2.25
1.47,1.66
1.03,1.08
3.44,3.41
0.98,2.14
2.62,1.81
0.77,1.09
1.35,2.07
1.35,1.09
2.31,1.54
1.59,1.3
1.02,0.94
1.22,1.57
3.8,3.37
1.89,1.48
4.4,3.75
0.7,1.05
0.7,0.9
3.34,2.98
1.02,1.5
5.0,5.97
3.6,3.27
1.7,1.57
2.06,1.52
1.66,1.68
0.32,0.96
3.63,3.04
1.74,1.49
1.98,1.89
1.83,2.42
1.58,1.52
1.0,1.65
0.88,0.77
4.61,2.66
1.9,3.12
2.32,1.75
2.22,2.78
2.27,2.54
2.24,2.38
1.2,1.78
0.78,0.91
1.65,1.28
2.14,2.63
0.7,0.87
1.06,1.44
0.75,1.37
0.92,1.24
2.7,2.82
0.68,0.92
1.66,1.85
1.55,7.14
4.73,3.59
3.46,3.74
2.31,2.77
3.0,2.36
2.49,2.3
4.36,2.94
2.26,2.09
1.75,0.89
1.78,0.94
2.76,2.36
1.16,0.98
2.14,1.24
1.18,0.33
5.0,2.45
1.52,1.94
1.4,2.3
2.23,2.01
4.44,3.34
5.0,3.9
1.63,1.51
1.94,3.34
0.9,1.2
1.15,1.64
1.47,1.8
2.74,2.84
1.91,2.27
0.75,0.77
5.0,2.18
1.18,1.39
5.0,1.18
0.55,2.21
0.58,0.96
0.96,1.15
0.99,1.29
1.67,3.06
0.7,0.96
0.68,0.65
0.76,0.96
1.83,1.82
5.0,4.82
0.97,1.08
2.3,2.26
0.83,1.2
0.52,0.98
1.15,1.57
0.88,1.54
2.24,2.41
1.5,1.45
3.42,3.23
1.82,2.04
1.41,1.74
0.73,0.83
2.11,2.02
0.98,1.04
1.1,0.59
1.66,2.37
2.31,1.81
1.64,1.84
0.96,0.31
0.48,0.56
0.44,0.59
2.38,2.73
2.85,3.56
1.65,1.28
2.0,1.47
0.78,0.93
1.86,1.85
1.7,1.55
4.19,2.97
0.73,1.16
0.87,1.53
1.68,2.4
1.54,1.78
2.25,2.68
3.33,2.94
2.26,1.91
1.38,1.55
1.13,1.15
2.32,2.46
4.19,2.53
2.21,2.09
1.55,1.67
1.52,1.33
2.49,3.35
1.53,0.96
1.26,1.41
2.4,1.94
1.86,1.97
5.0,4.66
1.82,1.68
1.78,2.39
0.69,0.98
0.67,0.65
5.0,4.63
1.81,2.68
3.96,3.55
1.88,2.3
2.98,3.21
3.45,3.14
2.45,2.41
1.06,1.33
1.01,0.66
1.42,1.99
4.31,3.29
2.86,2.11
1.13,0.99
4.67,4.25
1.69,1.73
3.6,2.95
2.56,2.4
1.14,1.99
3.5,3.44
2.09,2.45
1.32,1.91
2.17,2.48
1.01,0.68
2.03,2.19
1.18,1.78
2.93,2.73
5.0,5.34
1.3,1.26
0.92,0.8
1.12,1.32
1.54,0.97
1.04,0.84
1.22,1.75
2.06,2.02
1.08,1.63
3.49,3.51
0.83,0.88
2.46,2.97
0.92,1.6
5.0,5.12
5.0,2.53
1.9,1.62
1.08,1.21
0.9,1.12
5.0,5.14
0.95,1.55
0.68,2.46
1.78,2.46
2.61,2.68
5.0,2.31
1.68,2.4
2.45,2.72
2.4,3.35
1.56,1.21
5.0,2.41
2.36,2.6
1.86,2.42
3.17,1.9
1.19,1.04
2.48,2.25
2.37,2.52
0.95,0.94
1.77,1.64
1.49,1.82
1.95,2.65
2.16,2.75
1.27,1.98
1.74,1.81
1.83,2.0
0.74,1.04
2.25,2.12
1.02,1.14
3.91,3.18
2.65,2.26
5.0,4.4
1.86,2.45
0.78,0.76
0.81,0.97
1.9,2.43
1.99,2.41
1.9,2.62
1.6,1.86
3.75,3.58
1.67,1.59
2.16,2.3
2.29,2.39
1.71,1.88
4.31,3.93
2.75,2.76
2.77,3.94
0.46,0.56
1.44,1.23
0.94,0.89
1.58,0.98
1.94,2.34
3.51,2.26
4.53,2.32
2.25,1.83
1.56,1.74
2.42,3.0
0.7,1.32
0.71,0.97
0.67,0.89
1.53,2.71
1.38,1.77
2.3,2.66
2.42,3.13
3.02,2.48
4.16,3.28
1.56,1.95
0.79,0.97
4.41,3.51
1.84,2.17
2.76,3.29
2.33,1.95
0.6,0.71
2.24,1.92
4.39,3.08
1.23,1.0
2.56,3.04
0.58,0.66
2.0,2.59
0.51,0.69
3.48,3.97
3.63,3.36
2.4,2.54
0.74,1.0
1.73,1.72
2.29,2.54
1.66,1.83
0.83,1.11
5.0,4.26
3.33,3.17
0.54,1.1
2.42,2.62
3.88,3.39
1.36,1.8
0.98,1.91
1.76,1.95
0.63,0.63
2.37,1.87
0.97,1.76
2.2,1.44
1.06,1.89
2.71,2.94
0.99,1.24
1.66,1.54
1.44,1.81
1.41,1.81
3.31,2.93
1.57,2.23
5.0,3.83
1.62,0.74
1.25,1.29
2.16,1.52
1.71,2.15
3.26,2.91
1.1,0.99
2.76,2.63
1.3,1.69
2.92,2.55
3.42,2.87
0.67,0.76
2.39,2.16
0.77,0.95
0.82,0.34
3.6,3.21
4.66,3.82
2.14,2.06
1.07,1.19
1.58,2.1
1.19,1.76
2.33,2.42
1.8,2.37
0.7,0.16
0.55,0.93
0.66,0.59
1.0,1.03
5.0,4.11
1.64,2.47
0.77,0.59
1.4,1.19
1.73,1.39
5.0,2.34
3.14,2.2
5.0,3.01
5.0,5.3
1.43,1.66
2.81,2.47
3.75,2.46
1.38,1.53
3.37,3.13
1.28,1.5
1.85,1.85
0.63,0.47
1.1,2.19
4.0,1.45
1.52,2.27
0.56,0.74
1.02,0.39
2.25,2.57
1.46,1.62
3.63,2.56
2.49,1.68
4.15,3.58
2.67,2.48
0.75,0.89
2.5,2.5
1.62,1.41
0.98,0.85
1.12,1.62
0.87,0.91
2.73,2.37
1.24,0.95
2.29,3.06
2.3,2.77
1.62,2.0
0.8,1.94
1.19,1.44
2.44,2.83
1.88,2.07
2.46,2.37
1.03,0.96
1.17,0.78
1.38,1.07
1.72,2.39
1.03,1.21
2.39,2.6
1.94,2.49
2.2,2.0
3.8,4.1
1.56,1.49
0.9,0.78
0.89,1.77
0.55,0.47
0.5,0.57
1.46,1.58
2.78,3.1
2.89,3.25
1.29,2.41
2.22,2.63
0.86,2.16
1.6,1.75
0.58,0.82
3.48,2.79
1.99,2.62
0.97,1.39
0.58,0.92
3.01,2.99
0.74,1.15
2.49,2.08
2.67,2.83
1.2,1.35
0.78,0.61
1.43,1.18
0.61,0.6
2.07,2.37
3.28,3.11
3.61,3.03
1.08,1.45
0.52,0.54
0.68,0.83
1.84,1.75
2.0,2.52
3.54,1.61
3.94,2.33
1.32,1.88
3.06,2.9
1.35,1.09
3.19,3.18
3.04,2.92
3.5,1.3
2.31,2.62
1.31,2.17
1.21,1.62
1.35,1.49
0.69,1.17
4.25,2.74
1.6,1.53
1.51,1.99
3.5,3.99
0.6,0.82
3.96,3.4
2.78,2.62
2.39,1.7
2.25,2.22
0.91,1.23
1.11,1.5
1.51,1.64
0.65,0.58
3.59,2.95
2.33,2.52
0.54,0.7
0.98,0.84
2.26,2.2
1.16,1.49
1.96,1.93
1.23,0.85
1.56,2.8
1.67,2.05
2.16,1.85
1.17,1.43
2.43,1.49
0.73,1.36
1.92,2.45
0.6,1.77
1.95,2.13
1.12,1.9
2.68,2.46
2.6,2.65
0.89,0.96
2.35,2.99
3.86,2.14
1.88,1.83
2.23,2.13
1.2,1.36
1.36,1.16
3.07,2.74
3.27,2.84
0.7,0.22
0.68,0.6
1.15,1.22
1.77,2.54
0.82,1.1
0.91,1.5
0.57,0.55
3.24,3.25
2.44,1.63
1.44,1.17
1.64,1.19
2.38,2.98
2.43,2.43
0.83,0.8
0.88,1.34
1.32,1.26
0.47,0.54
1.95,1.93
1.84,1.93
1.29,1.18
1.18,0.84
2.13,1.64
1.41,1.09
2.27,1.88
0.81,1.93
2.01,1.95
1.83,2.18
1.55,1.62
1.44,1.9
1.38,2.71
2.8,1.78
2.46,2.72
2.44,2.28
1.03,1.67
1.04,0.59
2.36,1.86
1.62,2.08
3.94,2.54
1.46,0.92
1.85,2.28
2.42,2.68
3.36,2.24
1.66,1.63
2.05,2.95
1.6,1.42
1.69,1.47
4.79,2.14
2.59,2.37
3.24,2.67
1.03,0.71
1.38,1.44
0.92,1.07
2.29,3.15
1.39,1.33
2.52,2.19
4.2,3.97
2.44,2.93
1.42,1.69
0.68,-0.05
0.93,1.67
1.91,2.67
2.24,2.13
1.43,1.72
1.33,1.1
0.99,0.38
0.68,0.62
2.27,2.86
2.29,2.59
1.36,1.52
3.62,3.4
2.81,2.96
5.0,5.29
0.91,1.59
0.66,0.94
1.5,1.31
1.7,1.46
0.99,0.61
3.23,3.03
2.13,2.02
2.17,2.42
2.68,1.92
2.06,1.55
3.77,2.39
0.88,0.7
3.05,2.31
4.6,3.21
1.28,1.47
2.85,3.25
1.2,1.26
2.09,2.22
1.18,2.54
0.67,0.8
2.05,1.82
0.75,1.34
1.09,1.42
1.14,1.81
3.08,2.8
1.13,1.28
0.92,0.97
1.34,1.36
4.25,2.71
0.54,0.57
3.11,2.19
2.42,2.62
2.27,2.7
1.01,1.83
2.38,1.97
2.46,1.93
1.56,2.03
1.16,0.66
0.66,0.85
0.59,0.9
2.24,2.04
1.69,2.15
1.67,1.14
2.25,2.51
0.73,0.75
1.6,1.92
1.48,1.5
0.91,1.69
2.08,1.38
3.35,2.55
0.58,0.98
2.26,1.95
3.45,4.39
1.07,1.22
5.0,0.2
2.75,3.65
0.96,0.9
0.97,1.35
1.55,1.45
4.0,3.61
5.0,2.25
3.04,3.05
3.59,3.28
1.45,1.69
3.53,2.55
3.56,2.75
0.99,1.39
2.5,2.37
1.06,1.23
5.0,4.26
1.62,1.94
2.72,2.84
2.46,3.45
1.83,1.97
2.21,2.86
1.61,2.21
3.04,3.18
2.66,2.26
0.9,0.88
0.88,1.42
2.09,1.8
1.89,1.76
1.01,1.47
3.88,3.63
3.59,2.99
3.27,2.36
2.79,3.1
2.34,2.95
1.64,2.78
1.24,2.72
4.5,2.83
1.12,1.49
0.91,1.86
1.21,2.72
4.84,3.49
3.67,2.65
2.01,1.85
3.34,2.97
3.62,2.51
1.7,1.7
2.47,2.92
1.61,1.99
1.47,1.48
1.18,1.65
1.11,1.11
2.66,2.61
1.14,1.44
3.29,2.54
5.0,3.51
2.37,1.86
1.22,1.24
0.82,0.83
3.86,3.57
1.85,2.03
1.61,3.05
1.02,0.96
4.24,3.56
2.62,2.88
3.69,2.19
1.15,2.01
2.82,2.35
0.98,1.4
1.31,1.52
2.52,1.93
2.33,2.81
1.39,1.35
0.72,1.01
3.4,3.0
2.71,2.56
1.56,1.58
0.89,1.14
1.67,2.29
1.03,1.11
1.8,2.08
0.51,0.83
2.05,2.4
3.87,2.16
1.62,1.3
1.2,1.38
1.4,1.38
0.98,0.95
2.69,2.96
2.69,2.44
5.0,2.96
0.5,0.76
0.58,0.79
0.66,0.65
1.75,2.12
3.92,3.7
2.81,2.1
0.91,1.39
5.0,5.52
0.92,1.34
2.27,2.77
1.62,1.73
2.91,3.07
1.83,1.83
2.83,3.6
1.77,2.88
2.39,2.76
3.21,2.62
2.62,3.15
0.99,1.58
2.26,2.44
0.52,0.36
1.57,1.93
1.61,1.98
2.22,2.39
3.05,2.81
1.39,1.71
2.31,2.98
0.94,1.13
0.97,1.42
3.82,2.93
1.93,2.41
2.1,1.7
2.31,1.67
0.89,1.58
1.96,2.23
1.14,0.8
1.78,2.29
4.07,2.87
2.28,2.5
2.35,2.68
2.31,2.02
5.0,4.32
1.84,2.2
2.14,2.63
5.0,4.32
1.69,2.21
2.32,2.61
3.52,4.17
2.35,2.06
1.12,2.7
1.45,1.5
0.87,0.97
0.54,1.03
0.44,0.71
0.94,1.04
2.19,1.34
1.92,1.92
1.32,1.66
0.47,0.69
1.5,2.72
1.26,1.31
2.56,2.81
0.94,1.05
2.37,2.44
5.0,3.89
0.88,1.91
1.27,1.14
2.45,2.68
1.57,2.01
0.78,0.86
2.18,2.45
3.5,2.77
1.98,1.95
1.44,1.15
3.38,3.23
0.76,1.06
1.6,2.32
1.31,1.56
1.12,1.22
3.29,2.74
2.33,1.71
0.99,1.64
1.98,2.26
2.04,2.93
3.5,2.84
0.62,0.81
1.4,0.88
1.52,2.34
1.3,1.12
1.95,2.57
2.0,2.56
1.38,1.08
2.75,2.23
1.23,2.29
1.09,1.73
1.22,1.12
3.02,3.32
2.42,2.37
1.53,2.14
1.69,2.23
3.58,4.24
1.75,1.62
1.12,1.09
3.76,3.63
1.19,1.04
4.01,3.33
1.08,0.86
3.4,2.72
1.58,2.0
4.69,3.55
0.63,0.63
1.85,2.16
1.9,2.41
1.91,2.21
0.68,1.75
0.85,0.91
1.74,2.0
1.3,1.44
1.81,2.71
5.0,7.56
3.76,3.84
2.43,2.75
1.48,1.56
2.38,3.13
4.5,3.36
2.4,2.69
5.0,0.95
2.74,2.78
1.9,2.67
2.68,2.8
3.49,2.46
2.76,2.61
1.83,2.13
5.0,4.86
2.13,2.31
1.8,1.99
1.38,1.13
1.81,1.57
3.4,2.48
2.25,1.72
0.68,0.91
2.38,2.84
1.5,1.69
1.26,1.91
0.88,1.61
1.25,1.49
1.69,1.11
1.35,1.91
0.86,1.07
0.65,0.97
1.06,1.76
2.86,3.11
2.72,3.46
2.18,2.78
0.92,1.5
1.63,1.8
1.95,2.07
0.32,0.97
2.75,1.75
1.37,1.54
1.94,1.31
2.3,2.24
1.44,1.41
0.4,0.44
0.6,0.76
2.11,2.43
1.56,0.95
2.16,2.3
1.78,1.86
2.19,2.08
1.28,1.44
1.91,1.93
3.98,3.05
3.67,1.6
1.23,1.89
3.76,1.72
1.58,1.24
1.78,1.59
0.72,0.62
2.88,2.64
1.75,0.71
2.81,2.43
1.6,1.94
1.59,1.85
1.44,1.56
1.36,1.84
2.18,2.75
4.66,3.43
3.86,4.15
2.51,1.95
1.9,1.45
2.23,2.45
3.61,2.46
2.75,0.97
0.71,1.15
4.6,2.52
0.68,0.76
2.25,1.39
1.76,1.82
0.52,0.75
1.68,2.16
1.0,1.27
0.89,1.34
2.24,2.23
1.8,2.13
0.93,1.36
1.74,1.58
4.91,4.06
1.04,1.24
2.76,2.34
2.55,2.71
2.12,2.77
0.88,1.48
0.94,1.26
1.64,2.45
5.0,2.95
1.25,1.79
1.82,2.03
1.12,1.3
1.46,1.67
5.0,4.14
3.2,2.91
0.48,0.77
1.69,2.78
0.68,0.42
1.73,1.36
1.5,0.97
3.29,3.05
1.41,1.54
3.78,3.38
0.8,0.81
2.03,2.27
3.95,4.02
0.84,1.21
3.27,2.43
2.01,2.13
1.62,2.39
2.66,3.08
2.21,3.07
1.76,2.12
2.06,2.25
5.0,4.49
1.87,1.93
1.12,2.85
0.9,0.98
1.91,2.1
1.99,1.48
1.66,1.81
5.0,4.54
1.46,1.97
0.91,0.91
1.4,1.99
1.92,2.06
0.61,0.65
1.53,1.32
0.86,1.2
1.64,1.4
3.86,3.22
3.41,3.42
2.46,2.44
1.22,1.52
1.32,2.19
0.98,1.44
2.41,2.13
1.71,2.31
1.2,1.22
5.0,5.96
1.93,1.84
2.33,1.92
1.92,1.96
1.96,2.33
2.94,3.2
0.85,1.45
5.0,4.37
5.0,4.04
1.07,2.14
1.5,2.23
2.04,2.23
2.68,3.64
1.03,0.77
1.62,1.7
2.22,2.0
1.67,1.46
2.29,2.29
2.06,1.72
0.96,0.51
1.62,2.55
2.41,2.55
0.83,1.13
2.3,1.56
1.86,1.74
1.06,0.91
1.19,1.28
1.94,2.09
1.83,1.95
2.92,1.93
1.44,1.59
5.0,2.67
1.34,2.37
0.53,0.43
1.89,2.04
2.04,2.41
1.8,1.9
0.99,0.98
2.8,2.48
3.28,3.01
2.08,1.76
2.08,2.42
1.12,3.63
2.35,3.16
2.14,2.2
3.38,3.42
5.0,6.09
2.84,2.51
5.0,4.36
1.81,1.46
1.25,1.6
4.12,2.24
1.12,1.15
0.9,0.9
0.96,1.6
1.42,2.03
2.66,2.83
1.65,1.51
1.18,1.56
1.56,2.55
4.27,4.84
3.09,2.95
2.39,1.16
1.09,1.7
0.67,0.42
3.68,3.21
3.3,3.45
2.74,2.95
5.0,5.1
3.21,3.51
2.43,1.6
2.32,2.9
1.51,2.65
2.28,2.44
3.8,3.57
0.95,2.07
1.94,1.94
2.61,2.25
1.91,1.37
0.65,0.64
1.28,1.98
1.9,2.44
1.83,1.75
1.52,1.12
2.57,1.94
1.38,0.71
1.25,1.02
2.18,2.04
1.68,2.09
2.32,1.44
1.49,1.86
1.7,2.46
3.91,3.11
2.82,2.7
5.0,4.07
1.35,0.88
3.28,2.6
3.5,2.01
1.82,2.03
5.0,5.49
1.92,1.57
2.41,2.71
1.75,2.44
1.26,1.24
1.26,1.63
1.95,2.43
3.42,3.45
2.12,1.7
1.38,0.36
2.71,2.46
1.72,2.01
2.62,2.07
1.49,1.73
3.39,2.71
2.49,2.59
1.29,1.98
3.44,2.38
1.75,2.04
2.88,2.38
1.44,2.25
3.46,2.93
2.32,3.19
2.0,1.9
2.42,2.47
0.68,0.76
1.92,1.32
1.78,2.22
1.78,2.18
1.33,1.44
2.74,2.64
1.52,1.62
1.87,2.08
1.38,0.73
1.1,1.34
2.41,2.02
1.62,1.87
0.84,0.76
2.66,2.77
2.12,2.54
1.73,2.18
3.1,1.48
1.0,1.64
1.91,2.23
2.2,1.73
1.67,2.29
0.65,0.87
1.42,2.24
2.91,2.34
3.19,2.64
1.19,1.25
2.0,1.89
2.19,1.97
2.89,3.55
1.16,1.68
1.62,2.07
1.14,1.13
0.71,1.11
1.9,2.37
1.97,2.31
0.72,0.69
1.03,2.11
1.43,1.31
2.45,1.57
5.0,3.87
1.83,1.38
0.86,1.45
2.18,2.72
1.11,1.18
2.11,1.88
3.39,3.27
1.23,0.92
2.7,1.2
3.21,2.07
0.82,1.3
5.0,4.86
3.05,3.02
0.73,0.91
1.58,1.65
0.62,0.79
1.16,1.1
3.14,1.47
3.62,3.17
5.0,4.32
0.74,1.51
1.5,1.33
2.7,3.16
1.21,1.21
2.5,2.46
0.72,0.99
3.75,2.45
2.4,2.97
1.83,2.44
1.61,2.25
2.51,2.3
0.46,0.83
1.78,2.03
2.59,2.56
1.46,2.02
0.85,0.89
2.17,1.63
1.3,1.06
1.58,1.55
1.18,1.11
2.15,2.43
2.69,2.57
1.0,1.04
3.33,3.74
1.87,1.72
0.53,0.73
1.5,2.01
3.46,3.0
1.25,1.22
4.76,4.05
5.0,3.65
5.0,5.43
1.76,1.65
1.83,2.56
2.53,3.12
1.18,1.36
1.44,1.72
5.0,3.35
1.42,1.12
1.21,1.64
2.69,2.52
3.3,2.92
1.22,1.69
4.17,2.9
2.67,3.11
1.89,1.84
4.44,3.21
1.63,1.57
3.82,2.97
1.06,1.64
0.58,1.03
0.57,1.03
2.38,2.56
2.19,2.71
1.19,1.44
3.09,3.06
2.13,2.28
1.8,1.82
4.71,3.32
3.37,1.31
0.95,1.13
1.04,1.44
5.0,2.4
2.15,2.62
1.89,2.09
1.71,1.73
3.57,2.81
1.96,2.28
0.98,0.93
1.79,2.09
2.27,2.37
1.71,2.1
2.71,2.47
2.17,2.11
0.68,1.4
1.71,1.44
1.11,1.51
3.32,2.74
1.5,1.76
1.73,2.38
2.38,3.17
0.66,1.3
1.73,2.22
3.21,2.59
2.65,2.48
0.88,0.97
2.1,2.66
2.48,2.44
3.76,3.44
1.14,1.17
5.0,3.9
0.46,0.49
1.31,1.12
1.99,2.32
4.37,3.13
0.93,1.33
1.5,1.9
3.6,2.96
5.0,4.84
0.94,1.04
3.83,2.08
1.92,1.58
2.67,2.76
2.8,1.98
0.52,0.61
1.1,1.05
1.65,1.41
3.25,3.38
1.23,1.52
2.17,2.38
0.74,1.28
2.54,2.39
1.88,1.41
1.66,2.46
1.58,1.88
1.94,2.07
1.41,1.62
0.95,0.88
2.27,3.08
2.66,2.84
0.9,1.84
1.83,1.6
1.85,1.78
1.62,1.87
1.25,1.41
0.97,1.4
3.55,2.31
1.36,1.64
1.25,1.66
3.06,3.2
1.77,1.46
3.49,3.17
2.99,2.57
0.72,1.63
1.1,1.9
2.81,2.4
1.56,1.91
2.34,2.34
0.6,1.09
2.5,2.79
2.03,2.02
1.73,2.02
3.0,2.83
2.38,2.32
1.79,2.04
1.66,2.49
1.61,1.98
1.48,1.51
1.92,1.67
0.56,0.42
3.05,2.74
4.4,3.52
1.38,1.4
1.38,1.28
1.35,1.56
2.62,2.6
0.83,1.0
1.14,1.01
0.71,1.41
2.04,2.13
2.82,3.1
1.46,1.92
2.65,3.3
2.75,1.64
1.72,1.55
2.17,1.85
1.81,1.99
2.12,0.79
1.68,2.05
0.42,0.51
2.38,2.28
1.44,0.77
0.44,0.49
3.64,2.51
1.86,2.31
0.68,0.26
1.6,2.66
1.96,1.69
1.55,2.17
4.51,4.1
0.7,0.63
1.32,1.76
3.28,3.48
2.73,2.96
0.66,1.24
1.29,1.59
0.77,0.93
1.56,1.85
1.26,1.25
2.4,1.92
1.33,1.03
0.95,1.1
2.04,2.36
0.61,0.53
1.39,1.41
2.29,1.65
2.61,3.32
2.51,2.03
3.28,2.71
1.68,2.32
2.12,2.31
2.33,2.29
2.55,2.87
0.68,0.86
1.62,2.27
1.17,0.7
1.1,1.22
2.75,0.92
1.12,0.96
1.66,2.34
0.93,0.98
1.86,2.72
0.97,1.31
2.41,2.98
2.58,2.94
1.38,2.14
1.96,2.75
4.19,4.41
1.39,1.92
3.77,3.83
1.65,2.39
1.82,1.4
2.12,1.9
1.12,1.94
1.44,1.96
2.22,2.63
0.54,0.16
1.31,2.1
2.28,2.67
2.75,2.77
1.92,2.13
0.64,0.7
0.68,0.98
2.55,2.43
2.44,3.03
3.37,2.52
2.08,1.07
5.0,4.76
1.72,1.67
1.29,1.03
1.45,1.18
0.72,0.55
1.43,1.8
4.36,2.96
2.04,1.94
1.96,2.63
0.9,1.22
2.36,1.6
1.87,1.67
1.62,1.74
1.12,1.16
0.58,1.07
3.07,3.57
3.54,3.1
2.91,2.6
3.59,3.14
2.46,2.4
0.72,1.5
1.08,1.41
0.79,0.75
1.88,2.59
0.98,0.97
1.87,2.42
1.97,1.96
1.12,1.13
1.56,2.11
2.18,3.12
2.94,3.73
0.59,1.22
1.63,1.46
1.03,1.03
0.54,1.17
1.66,1.53
1.52,1.6
1.43,1.11
1.5,1.63
0.84,0.89
2.1,1.43
1.38,0.84
3.5,2.7
1.72,1.43
1.43,1.42
4.52,3.21
1.76,1.9
1.13,1.3
0.68,1.05
1.91,2.1
3.32,4.05
1.84,2.12
1.62,0.92
1.29,1.92
1.73,1.99
1.91,2.12
2.95,3.2
1.89,1.86
0.64,0.96
4.66,4.47
1.87,2.39
1.39,1.97
3.3,2.62
2.85,2.92
1.99,2.11
0.69,0.84
1.46,1.79
1.66,2.04
2.74,2.45
1.49,1.34
2.15,2.77
2.88,3.48
4.06,3.12
1.6,1.54
2.4,2.8
0.61,0.94
1.42,1.42
0.85,1.09
2.05,2.73
3.97,2.92
1.35,1.64
1.15,1.7
1.62,2.2
4.25,2.06
1.14,1.25
5.0,5.52
5.0,3.8
0.49,0.62
2.95,2.82
3.0,2.0
3.43,2.17
0.92,1.5
2.78,3.02
3.81,3.22
3.4,2.34
0.97,1.25
2.7,2.58
1.9,2.31
1.81,1.67
1.01,1.26
1.71,1.29
1.53,1.91
3.54,2.41
2.0,1.89
2.13,2.4
1.53,1.94
3.8,2.26
2.75,2.66
0.79,1.98
1.88,2.56
1.38,1.66
5.0,4.64
1.97,1.78
2.45,2.59
1.65,2.47
3.0,2.92
0.88,1.17
5.0,4.64
1.63,1.76
1.92,2.53
3.55,3.38
4.3,3.13
0.43,0.51
3.78,3.77
2.64,2.16
1.12,2.42
2.24,2.35
1.25,1.7
0.64,0.98
0.88,1.03
3.89,2.62
1.94,0.72
5.0,2.95
1.88,4.84
2.1,2.38
2.13,2.21
1.78,2.37
1.81,0.81
1.6,2.03
1.78,2.09
1.16,1.31
5.0,2.98
1.62,1.39
1.36,1.59
1.0,1.86
1.18,1.3
1.57,1.28
1.47,1.64
0.86,0.68
5.0,3.01
1.71,1.83
2.58,3.34
1.64,1.95
4.39,2.77
0.98,1.39
2.89,2.92
2.03,2.29
2.84,2.47
1.62,2.76
0.95,1.26
1.62,2.01
1.88,1.53
1.58,1.34
4.56,3.02
1.03,1.87
1.65,2.04
0.54,0.36
1.47,1.56
0.95,1.06
1.43,1.59
0.97,1.34
1.13,1.3
1.73,2.29
3.93,3.18
0.63,0.64
2.97,2.72
2.42,1.99
2.94,3.19
1.13,1.61
1.37,1.35
2.97,1.52
2.44,2.49
0.99,0.49
2.45,2.64
3.28,2.23
4.38,3.19
1.64,1.46
1.02,2.06
1.12,1.23
1.66,2.51
2.5,2.56
1.58,1.8
0.88,1.01
1.35,1.76
0.8,1.35
1.62,1.07
2.28,1.57
1.41,1.43
0.71,1.37
2.66,2.75
0.81,0.89
1.85,2.48
3.29,3.77
1.69,1.44
1.1,1.96
5.0,2.94
0.86,1.39
0.63,0.61
5.0,5.81
1.84,1.77
1.51,1.16
2.43,2.95
3.27,3.08
2.2,2.19
2.41,2.37
5.0,5.38
0.98,1.46
1.67,1.87
2.05,2.39
0.9,0.84
1.9,1.78
1.62,-2.7
3.34,2.26
0.85,1.16
1.34,1.06
1.45,1.81
2.15,1.83
0.98,1.7
2.1,2.49
3.12,3.34
3.0,3.14
2.02,2.19
2.54,3.35
1.16,1.45
1.67,1.45
3.97,3.59
2.27,1.61
5.0,3.42
5.0,4.37
1.99,1.77
3.69,4.5
0.22,1.45
0.96,0.82
3.66,3.91
2.16,2.37
2.06,1.84
5.0,3.58
2.51,1.93
3.64,3.93
2.94,2.94
1.71,1.39
2.61,2.8
1.15,1.13
2.58,2.23
1.06,1.04
0.99,1.27
2.42,2.29
1.46,1.61
1.55,1.99
1.98,1.51
2.9,3.01
3.26,2.28
0.53,0.79
0.88,1.08
1.78,1.65
1.97,2.44
1.23,1.42
2.93,2.9
1.1,1.59
1.24,2.33
0.57,0.89
4.05,3.6
1.88,2.17
0.64,0.79
1.01,1.62
5.0,3.7
0.46,0.54
4.64,3.39
1.81,2.71
3.07,2.0
3.72,4.07
0.56,0.96
2.89,2.22
1.28,1.51
2.71,2.45
1.82,2.44
2.19,2.63
0.78,1.09
0.96,0.9
3.95,3.92
2.22,2.7
0.88,1.36
1.38,2.06
2.46,2.01
1.76,2.17
1.64,1.51
1.33,1.4
1.29,0.92
2.24,2.19
1.04,0.92
1.13,1.31
2.44,1.99
0.89,0.99
1.86,3.05
1.86,1.27
1.61,1.4
1.49,1.19
0.76,0.83
5.0,3.55
0.96,1.21
2.38,2.53
4.18,3.92
1.98,2.54
0.66,0.55
2.69,3.62
2.19,2.37
1.57,1.86
1.34,2.07
2.04,2.23
2.19,2.86
1.82,2.56
1.68,2.09
2.99,2.53
1.66,1.31
1.94,1.75
2.12,1.91
3.86,2.49
2.68,2.09
1.28,2.14
2.71,3.37
0.88,1.26
1.01,1.09
4.96,3.01
1.67,1.04
1.41,4.8
5.0,5.27
3.21,3.35
0.82,0.88
0.93,1.09
1.68,1.59
1.35,1.65
2.43,2.26
1.57,2.1
0.98,0.93
1.78,2.25
1.32,1.24
2.69,2.64
3.14,1.72
1.84,2.28
1.0,0.37
2.32,2.71
1.38,1.77
1.62,1.28
4.57,3.06
1.39,1.68
2.44,2.47
0.62,0.78
2.37,2.19
1.12,1.07
1.22,1.1
5.0,2.58
1.1,1.11
3.01,2.96
1.68,1.48
2.46,2.49
2.79,3.71
4.14,2.42
0.59,0.59
2.95,3.47
3.65,3.07
3.68,3.51
2.39,1.54
1.21,2.22
2.15,2.4
1.14,1.72
2.36,2.21
1.72,2.13
2.48,2.78
0.58,0.38
0.68,0.59
0.76,0.97
1.78,1.82
0.6,0.21
2.26,3.08
1.8,2.4
1.58,3.26
2.79,2.51
4.81,3.38
1.92,1.37
1.42,1.21
3.31,3.03
1.0,1.51
1.03,1.35
0.54,0.64
1.86,1.75
1.93,1.56
2.56,3.02
1.38,1.3
0.7,1.06
2.47,2.65
2.66,2.84
1.62,0.87
3.23,3.11
1.49,2.25
4.29,3.37
5.0,4.2
2.54,2.43
3.28,2.69
1.69,2.19
2.55,2.66
0.76,0.9
1.51,2.58
3.11,2.75
1.88,2.19
2.13,1.9
2.08,1.66
2.03,2.81
0.9,1.46
0.92,0.88
1.36,0.72
0.92,0.73
0.79,0.56
0.96,1.22
2.49,2.31
1.12,1.69
1.91,1.43
1.92,2.79
5.0,3.65
0.51,1.74
1.64,1.14
3.69,3.24
0.57,0.61
0.75,1.06
2.29,2.44
3.41,2.99
2.77,2.82
1.88,1.88
0.74,0.62
1.5,2.22
1.47,1.87
1.86,1.48
2.35,2.82
1.23,1.49
3.99,3.13
2.5,3.34
1.14,1.71
2.45,2.73
2.25,1.46
1.87,2.94
3.1,3.51
1.31,1.36
3.42,2.91
0.65,0.82
2.79,1.81
1.69,1.16
4.18,4.06
1.09,1.53
1.6,1.63
3.45,3.32
4.19,3.12
2.09,1.99
0.98,1.01
5.0,4.25
1.09,0.77
1.33,1.38
0.51,0.73
3.12,2.98
3.66,3.35
1.75,0.69
1.7,1.46
2.8,2.89
1.26,1.64
1.56,1.95
0.83,1.12
1.56,2.97
2.15,2.65
1.1,0.99
1.65,1.41
3.5,3.04
5.0,6.06
1.26,0.59
1.93,2.2
5.0,5.0
2.0,2.23
5.0,2.79
1.63,2.16
1.38,0.89
1.22,1.56
3.81,3.01
1.12,1.98
0.58,0.51
0.64,1.21
3.63,3.2
2.06,2.23
3.71,2.34
0.82,0.7
2.72,2.61
1.97,2.6
0.73,1.01
3.02,2.23
1.2,1.76
2.58,2.62
0.18,2.27
1.46,1.9
1.02,1.72
4.0,3.19
0.99,1.46
4.85,3.38
4.77,4.21
0.67,0.94
3.75,3.93
1.7,2.64
2.48,2.93
1.65,1.65
3.09,2.46
1.85,2.36
2.3,2.98
1.56,1.64
3.02,3.25
0.98,1.06
2.51,2.49
2.81,2.5
1.53,1.37
3.56,3.37
1.01,1.27
2.66,2.41
1.61,1.41
3.06,2.25
1.48,1.17
1.86,2.02
1.63,1.73
4.85,3.17
1.75,2.23
1.27,1.21
3.65,2.75
2.37,1.33
2.14,2.65
2.26,3.21
1.29,1.52
0.74,2.72
1.15,2.15
1.75,2.1
3.18,1.96
3.31,2.64
1.92,2.58
1.6,1.0
1.63,2.25
0.67,1.05
2.13,1.5
1.41,1.66
1.86,1.69
3.93,3.77
0.55,0.82
4.1,3.14
1.92,1.84
1.0,1.4
1.75,1.55
1.58,1.66
1.07,1.56
2.77,2.33
3.27,2.43
0.96,0.78
4.32,4.26
1.72,1.77
1.12,1.23
2.25,2.25
2.6,2.65
2.92,2.92
0.5,0.89
1.5,3.33
2.25,2.65
1.31,1.72
0.7,1.28
3.53,3.1
2.31,3.09
2.05,1.87
3.98,3.35
1.41,1.75
1.73,1.77
1.28,0.87
2.9,2.18
0.96,1.33
1.33,1.57
1.47,2.13
1.81,2.04
0.55,0.48
0.56,0.66
1.5,1.96
1.03,0.73
0.93,0.66
1.23,1.72
2.32,1.18
1.6,1.46
1.08,0.9
0.43,0.4
1.06,1.3
1.68,1.52
0.28,1.37
2.83,2.81
2.34,2.68
2.12,1.21
2.06,1.98
1.5,1.83
1.93,2.09
0.15,2.54
1.7,1.33
1.68,2.23
0.94,1.47
1.92,2.02
1.82,2.36
1.95,2.51
1.22,1.51
1.43,1.82
1.58,1.91
1.65,1.33
1.55,1.65
0.92,1.24
0.68,0.36
2.76,2.68
3.35,3.76
1.21,1.35
1.77,1.27
1.88,2.25
1.92,1.77
3.01,2.77
1.59,1.64
5.0,6.11
2.74,2.58
2.34,2.69
5.0,2.47
2.23,3.02
1.4,1.42
1.6,1.59
1.19,1.52
5.0,2.86
1.06,1.28
2.18,2.04
1.88,2.14
2.87,3.18
1.31,2.1
0.56,0.41
1.62,2.13
2.54,1.71
1.55,1.63
3.12,2.97
0.88,0.75
1.06,1.57
1.37,1.65
1.56,1.59
1.55,1.92
1.67,1.34
4.58,3.38
5.0,3.29
1.88,2.55
4.43,2.84
5.0,4.82
5.0,4.01
1.88,1.76
0.57,0.49
3.88,3.71
2.72,3.06
1.68,1.59
4.04,2.75
1.92,1.28
5.0,2.25
1.87,2.12
0.96,1.53
0.92,1.1
2.14,2.67
1.55,2.16
1.33,1.56
2.75,1.26
2.38,2.28
1.58,1.39
0.7,0.85
2.22,2.03
4.12,3.4
1.85,1.8
5.0,2.63
1.4,1.82
1.78,2.41
1.59,2.03
1.25,1.22
1.97,2.91
0.64,0.49
1.95,1.97
1.62,1.28
0.84,0.72
0.61,1.15
3.68,3.41
1.22,1.63
0.86,0.78
2.1,2.1
1.71,1.75
1.75,2.08
1.27,1.41
2.82,2.37
2.08,2.66
1.04,1.75
2.14,3.35
0.8,1.11
2.73,2.94
2.38,2.84
0.74,0.93
1.84,2.01
3.42,2.57
1.3,1.77
2.24,2.93
1.57,1.49
3.95,3.42
1.58,2.26
1.2,1.43
3.17,2.92
2.12,2.85
0.68,0.71
1.65,2.13
0.94,0.86
0.89,1.37
1.85,2.31
3.27,3.34
1.34,1.02
5.0,2.73
1.62,2.07
5.0,5.06
2.29,1.8
1.12,1.03
3.54,2.8
3.62,3.22
1.62,0.75
1.0,1.29
0.68,0.37
0.57,0.75
1.65,2.34
2.04,2.1
3.42,3.14
1.82,1.28
3.04,2.14
2.35,2.86
1.05,1.58
2.91,2.55
1.6,2.29
1.12,1.01
1.2,1.38
3.3,2.79
1.37,2.3
1.01,1.13
1.19,1.09
1.33,1.23
0.52,0.65
2.35,3.03
0.75,1.44
1.76,1.96
3.47,2.89
2.52,2.55
0.54,0.91
0.68,1.47
1.42,2.01
1.02,1.31
2.27,3.15
3.37,2.78
1.19,1.62
0.68,0.91
2.02,2.32
0.94,0.7
0.96,0.8
2.25,2.68
2.59,1.75
1.03,1.08
1.17,1.28
1.65,1.44
1.44,2.02
5.0,3.41
1.55,1.42
1.15,1.21
1.23,1.73
2.27,2.51
1.8,1.34
3.11,3.49
1.49,1.9
0.85,1.31
0.64,0.81
2.62,2.16
4.38,4.02
2.26,2.33
0.88,0.85
3.46,3.3
1.4,1.28
3.67,2.55
2.71,2.83
1.69,2.14
2.94,3.92
2.52,3.19
0.85,0.69
2.68,2.85
1.41,1.88
2.86,1.73
1.51,1.7
2.25,3.0
0.45,0.79
4.5,1.89
2.29,2.46
2.25,0.84
1.38,1.93
0.97,0.89
1.61,2.14
1.44,1.08
4.5,2.05
1.23,1.39
2.49,2.26
1.34,1.79
3.48,3.42
0.78,1.1
1.08,0.98
1.47,1.6
1.88,2.27
1.62,1.15
0.59,0.19
1.84,1.93
1.8,1.67
1.75,2.11
1.37,2.62
1.1,2.89
2.33,2.64
1.28,1.1
3.5,2.64
1.55,2.0
2.57,2.6
0.86,1.02
0.73,0.68
2.58,2.28
0.63,0.72
4.85,3.01
1.24,1.86
1.58,2.07
0.97,1.02
1.87,2.46
3.44,3.6
1.67,2.25
1.09,0.99
4.83,2.96
2.04,2.51
2.31,2.35
0.53,0.48
1.78,1.71
5.0,3.85
5.0,5.26
0.85,1.03
5.0,2.95
2.47,2.93
1.56,1.61
2.35,1.84
0.49,0.89
1.46,1.93
2.72,3.14
5.0,2.75
0.88,1.79
0.69,0.49
1.39,1.46
2.73,2.43
2.3,2.03
0.68,0.74
1.14,1.35
1.6,2.06
1.17,1.38
2.1,2.5
0.69,0.4
1.01,1.54
2.14,2.36
3.55,3.24
0.9,1.58
1.59,1.96
0.64,0.74
2.18,2.43
2.54,2.65
0.81,0.64
1.89,2.64
1.65,3.01
1.06,1.65
2.1,2.96
1.48,1.39
1.12,2.49
1.75,2.06
1.57,1.97
1.17,1.87
2.29,2.1
3.5,2.12
1.72,1.54
1.99,2.59
2.52,2.21
3.0,2.43
1.59,1.68
2.17,2.61
1.98,2.5
3.56,3.41
1.92,2.36
3.14,2.66
0.5,0.78
1.62,2.24
1.67,1.92
1.39,1.47
1.48,1.79
2.38,2.25
1.11,1.37
3.34,3.52
1.92,2.24
2.94,2.11
1.54,1.57
1.52,1.94
5.0,4.89
3.23,2.8
1.66,2.11
2.21,1.93
1.7,2.21
1.99,1.95
1.62,1.34
4.11,3.82
3.36,2.9
1.49,1.51
3.82,3.04
1.84,0.96
0.91,1.19
4.12,3.94
2.2,2.71
1.58,1.82
0.7,0.89
2.7,2.84
2.62,2.51
3.9,3.24
0.75,1.06
1.78,2.45
1.7,1.26
1.54,2.04
1.32,1.51
0.44,0.52
1.45,1.58
2.24,2.96
1.88,2.34
1.93,1.87
0.89,0.72
1.84,2.11
2.25,3.11
1.83,1.76
1.38,1.73
2.65,3.14
0.37,0.45
1.25,1.54
1.39,2.14
4.87,3.01
1.79,1.76
1.34,1.95
3.07,3.3
1.16,2.1
0.91,1.11
2.11,2.24
2.59,2.8
3.47,3.59
1.68,2.6
1.51,1.18
1.14,1.27
3.03,3.11
4.23,2.89
4.92,4.04
1.91,2.37
2.45,2.07
0.56,1.08
0.84,1.71
2.75,2.81
1.9,1.64
2.76,1.88
3.2,3.37
2.92,2.27
0.68,0.88
1.89,2.31
0.9,1.38
3.35,2.78
1.77,1.6
0.98,1.53
2.01,2.34
0.6,0.95
1.92,1.87
1.91,2.16
3.37,3.12
2.25,2.59
2.91,2.13
1.22,0.98
2.93,3.24
1.07,1.29
2.66,2.66
0.77,1.1
2.2,1.45
1.01,1.46
4.75,2.91
0.65,0.6
1.14,1.64
2.14,2.27
2.17,2.77
1.98,2.36
2.12,1.83
2.23,2.9
2.66,2.63
0.38,0.91
2.65,2.81
1.09,0.92
0.47,0.52
1.88,2.46
0.62,0.51
3.43,3.36
1.66,1.91
5.0,2.38
1.38,2.21
0.91,0.29
0.77,1.51
1.48,1.75
0.92,1.53
1.51,1.35
1.55,2.01
0.89,1.01
2.15,1.7
0.55,0.81
1.97,2.0
1.54,2.12
1.42,1.85
0.98,0.93
1.53,1.87
1.1,1.3
1.71,1.35
1.04,1.01
1.54,2.02
2.7,2.24
2.86,3.21
3.35,2.37
1.38,1.89
2.32,2.07
3.94,3.03
0.7,0.87
1.42,1.44
1.56,1.94
4.5,3.43
2.0,1.58
0.95,1.15
0.87,1.24
1.88,1.48
2.22,3.06
0.59,0.43
1.34,0.56
2.39,2.84
1.61,1.98
1.36,1.6
1.44,1.75
1.59,2.22
1.55,1.81
1.43,2.69
1.21,1.27
1.26,1.68
2.13,2.69
1.17,1.38
1.86,1.89
3.56,3.44
1.5,1.46
0.89,0.99
2.59,2.56
5.0,3.78
1.28,1.37
0.7,1.05
1.37,2.54
2.74,2.88
0.92,1.16
1.18,1.47
4.11,4.75
1.0,1.18
4.93,2.88
1.18,1.38
1.14,1.62
0.9,1.49
5.0,4.2
5.0,4.68
1.46,3.42
1.14,1.33
2.75,2.38
1.02,1.18
1.47,2.1
2.25,2.49
1.39,1.45
1.76,2.32
0.57,1.51
2.7,2.01
2.73,2.65
0.76,0.91
4.84,4.23
1.81,1.57
2.38,2.25
1.38,1.34
1.86,1.52
1.93,2.74
0.84,0.54
1.08,1.92
0.56,0.54
2.65,2.38
3.88,3.49
4.83,3.62
1.98,2.98
0.93,1.03
3.46,3.93
0.39,0.66
0.57,0.44
1.24,2.03
0.94,0.94
0.93,0.96
0.44,0.47
0.69,1.33
3.02,3.12
2.54,1.86
2.1,2.56
1.84,1.95
0.73,0.84
3.39,3.58
0.93,1.43
2.02,2.2
1.33,1.09
2.71,2.91
2.4,3.14
1.39,1.42
0.57,0.64
1.71,1.29
1.19,1.62
1.77,2.48
2.9,3.08
2.98,1.98
1.1,1.31
1.48,1.44
0.79,1.02
1.6,2.55
0.78,1.3
4.74,4.15
5.0,4.34
1.33,1.39
0.94,1.03
2.8,3.02
2.57,2.21
2.88,2.81
1.61,1.63
1.37,2.05
0.62,0.93
4.44,3.96
0.68,0.64
2.62,2.47
1.09,0.84
4.09,3.26
1.75,1.95
1.48,2.09
2.88,1.8
0.93,1.37
0.94,1.52
1.72,1.67
3.19,3.05
1.85,1.88
0.65,0.55
1.8,1.32
1.59,1.28
1.52,1.8
0.72,1.16
2.45,1.94
2.28,3.35
1.96,1.41
1.92,1.79
0.66,0.87
2.82,2.01
1.85,1.87
0.89,1.08
0.68,0.72
1.43,0.97
1.19,1.1
2.16,2.93
2.57,2.79
3.73,2.96
1.52,1.35
2.46,2.96
0.8,1.18
1.37,1.26
2.67,2.87
3.95,3.28
2.22,2.77
5.0,2.56
5.0,3.88
2.33,2.44
2.6,3.13
2.16,1.64
2.43,2.74
2.21,2.16
1.12,1.28
3.88,2.58
4.1,2.8
1.63,2.88
5.0,3.46
2.31,1.66
0.76,1.43
4.59,2.65
3.66,3.68
2.97,2.36
0.59,0.73
0.85,0.64
1.17,1.59
1.27,1.09
1.71,2.54
1.49,1.17
1.19,1.19
3.75,2.72
2.85,3.11
1.7,1.54
5.0,3.31
0.99,1.5
0.61,0.85
1.43,1.21
2.24,2.66
1.38,2.22
2.98,3.27
1.13,1.79
1.13,0.83
1.21,1.47
2.48,2.68
4.08,4.07
3.57,3.53
1.06,0.87
1.21,1.52
2.41,1.64
2.47,1.83
1.38,1.17
0.86,0.69
5.0,4.12
2.16,2.58
3.06,2.94
1.58,2.09
4.52,2.92
0.95,1.46
1.06,0.9
0.85,1.13
2.4,1.97
1.62,1.61
0.97,1.26
0.92,0.7
2.28,2.2
1.14,2.46
0.69,0.61
5.0,4.16
2.25,2.19
1.74,1.77
5.0,4.24
2.53,2.87
2.78,3.77
2.85,2.71
0.9,1.32
1.9,1.49
3.17,2.59
3.02,2.79
0.93,0.99
0.94,1.17
2.14,2.3
1.88,1.83
5.0,3.52
3.26,3.57
3.0,2.32
1.44,2.06
5.0,4.98
2.64,3.11
0.62,0.93
1.39,1.01
1.05,1.47
0.64,0.63
5.0,1.8
0.98,1.23
1.27,1.7
1.35,1.82
1.56,1.38
4.47,3.83
0.65,0.75
1.52,1.94
1.92,2.25
1.53,2.08
1.66,2.05
2.54,2.53
2.34,2.71
1.12,1.23
1.19,1.28
2.41,2.29
2.83,3.64
4.5,0.77
0.52,0.81
0.56,0.51
0.88,1.03
2.49,2.22
0.69,0.04
1.56,1.64
2.73,2.85
3.4,3.15
2.19,1.62
0.7,1.02
5.0,3.15
1.62,12.74
1.12,1.21
1.1,1.17
0.74,0.58
1.03,1.28
1.72,2.07
1.32,1.2
1.66,1.81
1.07,1.52
1.08,0.79
0.95,0.94
0.66,0.95
1.58,1.88
0.96,0.81
1.17,1.13
1.71,1.91
0.93,1.33
1.62,1.66
1.94,1.48
1.35,0.88
1.23,0.49
1.16,1.54
0.84,1.42
0.62,0.77
0.74,1.08
1.8,1.97
1.96,2.68
5.0,4.19
1.44,1.53
1.25,0.97
0.81,1.14
0.66,1.07
1.58,2.45
5.0,2.75
1.81,2.28
2.36,3.03
1.03,1.38
2.17,1.85
3.83,1.99
5.0,2.03
0.84,0.83
2.14,1.71
1.0,1.11
0.79,0.85
0.98,1.31
1.78,2.46
2.87,3.27
2.7,3.16
1.86,2.49
0.91,1.77
2.14,1.68
1.24,1.24
2.05,0.78
2.57,2.09
3.93,3.92
1.33,1.51
1.87,2.03
2.55,3.47
3.47,2.93
1.72,1.73
1.12,2.04
0.83,0.99
0.49,0.7
1.34,2.24
2.26,2.12
5.0,4.15
4.7,3.41
2.26,2.68
1.58,1.71
1.17,1.22
4.16,3.69
1.21,1.28
2.26,2.68
1.22,1.34
1.0,1.26
2.3,2.61
1.96,0.88
0.85,0.74
2.65,1.88
4.56,4.23
1.76,1.7
0.81,1.0
1.66,2.16
0.83,1.46
2.72,2.18
2.71,2.52
2.39,2.8
1.72,2.53
1.22,0.94
1.74,1.68
2.39,2.33
0.59,1.02
2.88,2.73
0.71,0.98
1.82,2.02
1.14,1.41
2.24,2.64
3.51,3.62
3.01,3.28
0.81,2.4
1.53,1.56
2.37,2.79
1.79,2.28
5.0,3.89
1.7,2.19
1.65,1.28
2.26,2.65
1.6,1.13
3.64,3.46
1.32,1.72
3.77,3.0
0.97,1.61
3.16,3.21
3.24,3.04
3.88,3.1
1.49,1.51
5.0,6.17
2.25,1.48
1.79,2.13
0.88,1.16
1.3,1.74
5.0,4.07
3.49,2.93
0.73,1.3
2.45,2.72
2.75,2.1
2.46,2.77
2.36,1.95
2.32,3.26
0.53,0.1
1.63,1.24
0.72,0.57
2.35,2.09
1.5,1.7
1.16,1.33
1.81,1.99
1.21,1.89
0.89,1.48
1.82,2.47
1.97,1.97
1.28,1.57
0.76,1.0
3.0,3.46
5.0,4.48
1.6,1.75
3.36,3.26
1.58,1.76
1.91,2.34
1.81,2.17
1.04,-0.04
1.12,1.52
1.94,2.27
2.54,3.37
1.3,1.92
1.18,1.52
3.4,3.71
3.43,3.0
1.96,1.75
0.84,0.7
0.94,1.45
1.41,1.29
1.61,2.42
1.69,1.81
2.76,2.78
1.46,1.87
2.02,1.22
1.54,1.79
1.36,1.69
2.36,2.67
1.29,1.25
2.5,2.34
3.0,2.22
1.34,1.68
3.09,2.73
3.5,2.91
1.11,1.87
1.91,1.87
1.09,1.13
1.44,1.49
1.63,1.9
1.64,2.04
0.98,0.97
1.33,1.59
2.83,2.73
4.07,3.21
2.48,3.06
0.64,1.1
5.0,2.91
1.94,2.66
1.38,1.81
1.27,1.45
0.85,1.37
1.95,1.92
2.21,2.74
1.92,1.93
4.04,2.37
0.74,0.72
2.34,1.9
1.19,1.13
0.7,1.12
1.83,1.88
5.0,4.71
1.58,2.31
2.48,2.27
5.0,3.98
3.58,2.8
0.57,0.59
3.02,3.26
1.25,1.38
3.86,2.48
1.76,1.87
1.1,1.52
3.87,4.04
1.38,1.65
2.29,3.09
1.49,1.92
0.74,1.37
5.0,3.22
1.32,1.33
0.86,1.01
4.18,2.71
1.73,1.31
1.0,0.98
0.72,1.89
1.81,2.62
3.08,2.22
2.88,2.98
3.02,2.52
2.89,3.32
1.0,1.02
2.33,2.13
1.37,2.11
2.09,2.14
2.47,2.8
0.65,0.75
4.91,2.97
3.57,3.34
1.64,2.12
0.88,0.92
1.56,1.18
1.92,1.79
0.84,1.66
1.9,2.22
1.12,0.1
1.15,1.88
1.75,2.15
1.14,1.4
1.52,2.25
2.5,2.01
1.84,2.14
5.0,2.24
3.11,2.9
2.31,1.91
0.68,0.89
2.67,2.48
1.45,1.76
2.82,3.12
2.82,1.19
1.9,2.53
2.54,2.57
1.62,2.3
1.89,1.85
5.0,2.89
0.94,0.85
3.43,2.92
1.92,2.35
2.1,2.01
2.35,2.27
2.31,3.31
1.3,1.99
2.08,2.69
5.0,4.65
1.69,1.95
2.28,2.33
1.27,1.66
1.36,1.46
1.57,2.44
2.09,2.2
4.37,2.52
0.71,0.63
0.89,0.98
3.42,3.4
1.2,1.36
1.48,1.56
5.0,3.71
3.75,2.7
1.38,1.9
0.65,0.61
2.32,2.44
1.61,2.38
2.51,2.18
1.42,1.88
1.76,1.98
1.77,2.61
3.12,2.94
0.85,1.4
1.23,1.09
1.98,2.22
5.0,3.21
2.8,2.93
1.95,2.5
2.03,1.43
3.54,2.77
2.6,2.64
5.0,3.23
2.72,2.75
1.84,1.99
2.86,2.55
2.25,2.01
2.93,2.58
0.55,0.37
2.62,1.83
1.59,2.41
1.72,2.56
1.92,2.26
2.25,2.81
1.08,1.29
1.14,0.93
1.0,1.38
1.92,1.35
1.17,0.88
1.11,0.89
0.8,1.41
0.98,1.54
2.54,3.19
0.48,0.5
1.93,1.84
1.33,1.16
1.96,1.56
3.21,2.43
3.19,2.44
2.04,3.21
2.07,2.66
0.8,0.8
5.0,2.81
3.3,2.39
1.39,1.79
1.88,2.16
4.48,2.11
1.76,1.97
1.76,1.42
1.04,1.13
1.62,1.63
1.67,1.9
1.61,1.46
1.53,1.76
1.57,1.01
1.58,1.54
0.77,0.92
1.65,2.23
0.74,1.71
1.18,1.71
1.42,1.44
2.8,2.8
1.07,1.26
1.83,1.22
0.99,0.81
2.35,2.0
1.44,1.96
1.08,2.0
0.98,0.81
0.7,0.73
2.26,1.76
2.4,2.59
1.36,1.61
1.81,2.13
2.4,2.75
2.66,2.8
2.04,2.07
1.23,2.07
2.04,2.98
1.95,2.1
2.16,2.29
5.0,3.44
0.76,0.83
2.65,3.15
2.74,3.83
1.16,1.32
0.59,0.77
1.37,1.17
1.19,0.88
2.44,2.84
1.7,1.8
2.8,3.47
2.85,3.28
1.03,1.53
1.2,0.74
3.62,3.41
4.55,3.97
2.13,2.16
1.58,2.73
2.17,2.14
0.64,0.4
2.44,2.96
1.51,1.61
1.11,1.14
4.34,4.38
0.73,0.73
1.08,1.84
4.53,4.01
4.68,4.34
2.63,1.95
2.67,2.27
5.0,4.57
0.72,1.03
1.52,1.93
